cat_name	cat_id	family
Abaeis nicippe	1617	Pieridae
Abisara echerius	1697	Riodinidae
Achatia distincta	1223	Noctuidae
Acherontia atropos	1731	Sphingidae
Achyra affinitalis	604	Crambidae
Achyra rantalis	605	Crambidae
Acleris forsskaleana	1770	Tortricidae
Acleris nivisellana	1771	Tortricidae
Acleris semipurpurana	1772	Tortricidae
Acontia trabealis	1224	Noctuidae
Acrolophus popeanella	1766	Tineidae
Acronicta dactylina	1225	Noctuidae
Acronicta fragilis	1226	Noctuidae
Acronicta hasta	1227	Noctuidae
Acronicta innotata	1228	Noctuidae
Acronicta insularis	1229	Noctuidae
Acronicta lobeliae	1230	Noctuidae
Acronicta morula	1231	Noctuidae
Acronicta oblinita	1232	Noctuidae
Acronicta rubricoma	1233	Noctuidae
Acronicta rumicis	1234	Noctuidae
Actias luna	1714	Saturniidae
Acytolepis puspa	1129	Lycaenidae
Adela septentrionella	594	Adelidae
Adela trigrapha	595	Adelidae
Adelpha basiloides	1395	Nymphalidae
Adelpha californica	1396	Nymphalidae
Adelpha eulalia	1397	Nymphalidae
Adelpha fessonia	1398	Nymphalidae
Adelpha iphicleola	1399	Nymphalidae
Aglais io	1400	Nymphalidae
Aglais milberti	1401	Nymphalidae
Aglais urticae	1402	Nymphalidae
Aglossa costiferalis	1674	Pyralidae
Aglossa disciferalis	1675	Pyralidae
Agnorisma badinodis	1235	Noctuidae
Agonopterix alstroemeriana	693	Depressariidae
Agriophara confertella	1575	Oecophoridae
Agriphila ruricolella	606	Crambidae
Agrotis exclamationis	1236	Noctuidae
Agrotis infusa	1237	Noctuidae
Agrotis malefida	1238	Noctuidae
Agrotis munda	1239	Noctuidae
Agrotis porphyricollis	1240	Noctuidae
Agrotis venerabilis	1241	Noctuidae
Allagrapha aerea	1242	Noctuidae
Allotria elonympha	700	Erebidae
Alsophila pometaria	869	Geometridae
Alypia octomaculata	1243	Noctuidae
Amata phegea	702	Erebidae
Amblyscirtes aesculapius	1025	Hesperiidae
Amblyscirtes celia	1026	Hesperiidae
Amblyscirtes hegon	1027	Hesperiidae
Amblyscirtes nysa	1028	Hesperiidae
Amblyscirtes vialis	1029	Hesperiidae
Amorbia humerosana	1773	Tortricidae
Amorpha juglandis	1732	Sphingidae
Amphipoea americana	1244	Noctuidae
Amphipyra pyramidoides	1245	Noctuidae
Amyna stricta	1246	Noctuidae
Anacampsis fullonella	864	Gelechiidae
Anachloris subochraria	870	Geometridae
Anaea andria	1404	Nymphalidae
Anaplectoides prasina	1247	Noctuidae
Anartia amathea	1405	Nymphalidae
Anartia fatima	1406	Nymphalidae
Anartia jatrophae	1407	Nymphalidae
Anathix ralla	1248	Noctuidae
Anatrytone logan	1030	Hesperiidae
Ancyloxypha numitor	1031	Hesperiidae
Anicla infecta	1249	Noctuidae
Anisota stigma	1715	Saturniidae
Anstenoptilia marmarodactyla	1667	Pterophoridae
Anthanassa texana	1408	Nymphalidae
Anthanassa tulcis	1409	Nymphalidae
Anthela ocellata	596	Anthelidae
Anthene emolus	1130	Lycaenidae
Antheraea polyphemus	1716	Saturniidae
Anthocharis sara	1618	Pieridae
Anticarsia gemmatalis	703	Erebidae
Anticlea vasiliata	871	Geometridae
Antigonus erosus	1032	Hesperiidae
Apantesis arge	704	Erebidae
Apantesis incorrupta	705	Erebidae
Apantesis parthenice	707	Erebidae
Apantesis virguncula	710	Erebidae
Apatura iris	1410	Nymphalidae
Aphantopus hyperantus	1411	Nymphalidae
Aphrissa statira	1619	Pieridae
Apoda biguttata	1122	Limacodidae
Apodemia mejicanus	1699	Riodinidae
Apodemia mormo	1700	Riodinidae
Apodemia palmerii	1701	Riodinidae
Apodemia virgulti	1702	Riodinidae
Appias libythea	1620	Pieridae
Apyrrothrix araxes	1033	Hesperiidae
Arachnis picta	711	Erebidae
Arawacus jada	1131	Lycaenidae
Archips argyrospila	1774	Tortricidae
Archips cerasivorana	1775	Tortricidae
Archips grisea	1776	Tortricidae
Archips purpurana	1777	Tortricidae
Archips semiferana	1778	Tortricidae
Argynnis adippe	1412	Nymphalidae
Argynnis aglaja	1413	Nymphalidae
Argynnis pandora	1414	Nymphalidae
Argynnis paphia	1415	Nymphalidae
Argyresthia oreasella	597	Argyresthiidae
Argyreus hyperbius	1416	Nymphalidae
Argyria lacteella	607	Crambidae
Argyrogramma verruca	1250	Noctuidae
Argyrotaenia alisellana	1779	Tortricidae
Argyrotaenia mariana	1780	Tortricidae
Argyrotaenia quercifoliana	1781	Tortricidae
Argyrotaenia velutinana	1782	Tortricidae
Arhodia lasiocamparia	872	Geometridae
Aricia agestis	1132	Lycaenidae
Aricia cramera	1133	Lycaenidae
Arsenura armida	1717	Saturniidae
Arta olivalis	1676	Pyralidae
Arta statalis	1677	Pyralidae
Artace cribrarius	1114	Lasiocampidae
Asbolis capucinus	1034	Hesperiidae
Ascalapha odorata	713	Erebidae
Ascia monuste	1621	Pieridae
Asota caricae	714	Erebidae
Asota heliconia	715	Erebidae
Asota plaginota	716	Erebidae
Asterocampa celtis	1417	Nymphalidae
Asterocampa clyton	1418	Nymphalidae
Asterocampa leilia	1419	Nymphalidae
Atalopedes campestris	1037	Hesperiidae
Athetis tarda	1251	Noctuidae
Athetis tenuis	1252	Noctuidae
Atlides halesus	1134	Lycaenidae
Atrytonopsis hianna	1038	Hesperiidae
Attacus atlas	1718	Saturniidae
Atteva aurea	598	Attevidae
Autographa precationis	1253	Noctuidae
Automeris io	1719	Saturniidae
Bagisara repanda	1254	Noctuidae
Baileya australis	1361	Nolidae
Baileya ophthalmica	1362	Nolidae
Balsa tristrigella	1255	Noctuidae
Barsine striata	717	Erebidae
Battus philenor	1580	Papilionidae
Belenois aurota	1622	Pieridae
Belenois java	1623	Pieridae
Besma endropiaria	873	Geometridae
Bibarrambla allenella	694	Depressariidae
Biston betularia	874	Geometridae
Blastobasis glandulella	600	Blastobasidae
Boloria bellona	1420	Nymphalidae
Boloria epithore	1421	Nymphalidae
Boloria euphrosyne	1422	Nymphalidae
Brenthis daphne	1423	Nymphalidae
Brenthis ino	1424	Nymphalidae
Brephidium exilis	1135	Lycaenidae
Brintesia circe	1425	Nymphalidae
Brunia antica	718	Erebidae
Brunia replana	719	Erebidae
Bryolymnia viridata	1256	Noctuidae
Bulia deducta	720	Erebidae
Cabares potrillo	1039	Hesperiidae
Cabera erythemaria	875	Geometridae
Caenurgia chloropha	721	Erebidae
Caenurgina erechtea	722	Erebidae
Calephelis nemesis	1703	Riodinidae
Calephelis perditalis	1704	Riodinidae
Calephelis virginiensis	1705	Riodinidae
Caligo telamonius	1426	Nymphalidae
Calliteara pudibunda	723	Erebidae
Callizzia amorata	1822	Uraniidae
Callophrys augustinus	1136	Lycaenidae
Callophrys dumetorum	1137	Lycaenidae
Callophrys eryphon	1138	Lycaenidae
Callophrys gryneus	1139	Lycaenidae
Callophrys mossii	1140	Lycaenidae
Callophrys rubi	1141	Lycaenidae
Callophrys viridis	1142	Lycaenidae
Callophrys xami	1143	Lycaenidae
Callopistria cordata	1257	Noctuidae
Callopistria floridensis	1258	Noctuidae
Callosamia angulifera	1720	Saturniidae
Calycopis cecrops	1144	Lycaenidae
Calycopis isobeon	1145	Lycaenidae
Campaea perlata	876	Geometridae
Camptogramma bilineata	877	Geometridae
Carcharodus alceae	1040	Hesperiidae
Caria ino	1706	Riodinidae
Caripeta divisata	878	Geometridae
Caripeta piniata	879	Geometridae
Castalius rosimon	1146	Lycaenidae
Catocala amatrix	724	Erebidae
Catocala cara	725	Erebidae
Catocala cerogama	726	Erebidae
Catocala lineella	727	Erebidae
Catocala relicta	728	Erebidae
Catocala vidua	729	Erebidae
Catonephele numilia	1427	Nymphalidae
Catopsilia florella	1625	Pieridae
Catopsilia pomona	1626	Pieridae
Catopsilia pyranthe	1627	Pieridae
Celastrina echo	1147	Lycaenidae
Celastrina neglecta	1148	Lycaenidae
Celenna festivaria	880	Geometridae
Celotes nessus	1041	Hesperiidae
Cenopis pettitana	1783	Tortricidae
Cepora nerissa	1628	Pieridae
Ceratomia amyntor	1733	Sphingidae
Ceratomia undulosa	1734	Sphingidae
Cercyonis oetus	1428	Nymphalidae
Cercyonis pegala	1429	Nymphalidae
Cercyonis sthenele	1430	Nymphalidae
Chalciope mygdon	730	Erebidae
Chiasmia clathrata	881	Geometridae
Chilades pandava	1149	Lycaenidae
Chimoptesis pennsylvaniana	1784	Tortricidae
Chioides albofasciatus	1042	Hesperiidae
Chioides zilpa	1043	Hesperiidae
Chionodes mediofuscella	865	Gelechiidae
Chloridea virescens	1259	Noctuidae
Chlorochlamys chloroleucaria	883	Geometridae
Chloroclystis filata	884	Geometridae
Chlorostrymon simaethis	1150	Lycaenidae
Chlosyne acastus	1431	Nymphalidae
Chlosyne californica	1432	Nymphalidae
Chlosyne gabbii	1433	Nymphalidae
Chlosyne harrisii	1434	Nymphalidae
Chlosyne hippodrome	1435	Nymphalidae
Chlosyne lacinia	1436	Nymphalidae
Chlosyne nycteis	1437	Nymphalidae
Chlosyne palla	1438	Nymphalidae
Chlosyne rosita	1439	Nymphalidae
Choephora fungorum	1260	Noctuidae
Choristoneura houstonana	1785	Tortricidae
Chrysodeixis argentifera	1261	Noctuidae
Chrysodeixis eriosoma	1262	Noctuidae
Chrysodeixis includens	1263	Noctuidae
Chrysolarentia mecynata	885	Geometridae
Chrysoteuchia topiarius	608	Crambidae
Cingilia catenaria	886	Geometridae
Circopetes obtusata	887	Geometridae
Cisseps fulvicollis	731	Erebidae
Cisthene packardii	732	Erebidae
Cisthene plumbea	733	Erebidae
Cisthene tenuifascia	734	Erebidae
Cladara atroliturata	888	Geometridae
Cladara limitaria	889	Geometridae
Clemensia albata	735	Erebidae
Cleora sublunaria	890	Geometridae
Clepsis peritana	1787	Tortricidae
Clepsis persicana	1788	Tortricidae
Clepsis virescana	1789	Tortricidae
Clostera apicalis	1367	Notodontidae
Clydonopteron sacculana	1678	Pyralidae
Cnaphalocrocis medinalis	609	Crambidae
Cnaphalocrocis poeyalis	610	Crambidae
Cnaphalocrocis trapezalis	611	Crambidae
Cnephasia jactatana	1790	Tortricidae
Coelostathma discopunctana	1791	Tortricidae
Coenonympha pamphilus	1440	Nymphalidae
Coenonympha tullia	1441	Nymphalidae
Cogia calchas	1045	Hesperiidae
Colias croceus	1629	Pieridae
Colias eurytheme	1630	Pieridae
Colias philodice	1631	Pieridae
Colobura dirce	1442	Nymphalidae
Colocasia propinquilinea	1264	Noctuidae
Comostola laesaria	891	Geometridae
Condica vecors	1265	Noctuidae
Condica videns	1266	Noctuidae
Condylorrhiza vestigialis	612	Crambidae
Conistra vaccinii	1267	Noctuidae
Copivaleria grotei	1268	Noctuidae
Cosmia calami	1269	Noctuidae
Cosmodes elegans	1270	Noctuidae
Cosmosoma myrodora	736	Erebidae
Cossus cossus	603	Cossidae
Costaconvexa centrostrigaria	892	Geometridae
Crambidia pallida	737	Erebidae
Crambus agitatellus	613	Crambidae
Crambus albellus	614	Crambidae
Crambus girardellus	615	Crambidae
Crambus laqueatellus	616	Crambidae
Crambus praefectellus	617	Crambidae
Crambus saltuellus	618	Crambidae
Creatonotos transiens	738	Erebidae
Crocidosema plebejana	1792	Tortricidae
Crypsiphona ocultaria	893	Geometridae
Ctenoplusia oxygramma	1271	Noctuidae
Ctenucha rubroscapus	739	Erebidae
Ctenucha venosa	740	Erebidae
Ctenucha virginica	741	Erebidae
Cucullia asteroides	1272	Noctuidae
Culladia cuneiferellus	619	Crambidae
Cupha erymanthis	1443	Nymphalidae
Cupido amyntula	1151	Lycaenidae
Cupido comyntas	1152	Lycaenidae
Cupido minimus	1153	Lycaenidae
Cyaniris semiargus	1154	Lycaenidae
Cyclophora nanaria	894	Geometridae
Cyclophora packardi	895	Geometridae
Cyclosia papilionaris	1826	Zygaenidae
Cycnia collaris	742	Erebidae
Cydia caryana	1793	Tortricidae
Cydia latiferreana	1794	Tortricidae
Cydia pomonella	1795	Tortricidae
Cyligramma latona	743	Erebidae
Cymaenes trebius	1048	Hesperiidae
Danaus genutia	1444	Nymphalidae
Danaus gilippus	1445	Nymphalidae
Danaus petilia	1446	Nymphalidae
Danaus plexippus	1447	Nymphalidae
Darapsa myron	1735	Sphingidae
Dargida diffusa	1273	Noctuidae
Dargida procinctus	1274	Noctuidae
Dasypodia cymatodes	744	Erebidae
Datana integerrima	1368	Notodontidae
Datana major	1369	Notodontidae
Deilephila elpenor	1736	Sphingidae
Delias hyparete	1632	Pieridae
Delias pasithoe	1633	Pieridae
Destolmia lineata	1370	Notodontidae
Diachrysia balluca	1275	Noctuidae
Diacme adipaloides	620	Crambidae
Diacrisia sannio	745	Erebidae
Diaethria clymena	1448	Nymphalidae
Diaphania costata	621	Crambidae
Diaphania indica	622	Crambidae
Diastema tigris	1276	Noctuidae
Diatenes aglossoides	746	Erebidae
Diathrausta harlequinalis	623	Crambidae
Dichomeris flavocostella	866	Gelechiidae
Dichorda illustraria	896	Geometridae
Dichorda iridaria	897	Geometridae
Didymoctenia exsuperata	898	Geometridae
Digrammia continuata	899	Geometridae
Digrammia gnophosaria	900	Geometridae
Digrammia ocellinata	901	Geometridae
Dione moneta	1449	Nymphalidae
Disclisioprocta stellata	902	Geometridae
Dissomorphia australiaria	903	Geometridae
Dolba hyloeus	1737	Sphingidae
Doleschallia bisaltide	1450	Nymphalidae
Doratifera pinguis	1123	Limacodidae
Doxocopa laure	1451	Nymphalidae
Doxocopa pavon	1452	Nymphalidae
Drepana arcuata	697	Drepanidae
Drepana bilineata	698	Drepanidae
Drupadia ravindra	1155	Lycaenidae
Dryadula phaetusa	1453	Nymphalidae
Dryas iulia	1454	Nymphalidae
Dryocampa rubicunda	1721	Saturniidae
Dynamine postverta	1455	Nymphalidae
Dysphania militaris	904	Geometridae
Dysschema howardi	747	Erebidae
Eacles imperialis	1722	Saturniidae
Eantis thraso	1049	Hesperiidae
Ecdytolopha insiticiana	1796	Tortricidae
Ecdytolopha mana	1797	Tortricidae
Echinargus isola	1156	Lycaenidae
Ecliptopera silaceata	905	Geometridae
Ecnomodes sagittaria	1371	Notodontidae
Ectropis bhurmitra	906	Geometridae
Elaphria chalcedonia	1277	Noctuidae
Elaphria versicolor	1278	Noctuidae
Elasmopalpus lignosellus	1680	Pyralidae
Elophila gyralis	624	Crambidae
Elophila icciusalis	625	Crambidae
Elophila obliteralis	626	Crambidae
Elymnias hypermnestra	1456	Nymphalidae
Emarginea percara	1279	Noctuidae
Ematurga atomaria	907	Geometridae
Emmelina monodactyla	1668	Pterophoridae
Endothenia hebesana	1798	Tortricidae
Endotricha flammealis	1681	Pyralidae
Endotricha mesenterialis	1682	Pyralidae
Endotricha pyrosalis	1683	Pyralidae
Endrosis sarcitrella	1576	Oecophoridae
Ennomos subsignaria	908	Geometridae
Enyo lugubris	1738	Sphingidae
Eooxylides tharis	1157	Lycaenidae
Epargyreus clarus	1050	Hesperiidae
Epiblema otiosana	1799	Tortricidae
Epiblema scudderiana	1800	Tortricidae
Epiblema strenuana	1801	Tortricidae
Epicyme rubropunctaria	909	Geometridae
Epipaschia superatalis	1684	Pyralidae
Epiphile adrasta	1457	Nymphalidae
Epiphyas postvittana	1802	Tortricidae
Epirrhoe alternata	911	Geometridae
Epirrita autumnata	912	Geometridae
Epyaxa rosearia	913	Geometridae
Erannis defoliaria	914	Geometridae
Erastria cruentaria	915	Geometridae
Ercheia cyllaria	748	Erebidae
Erebia ligea	1458	Nymphalidae
Erebus ephesperis	749	Erebidae
Eresia phillyra	1459	Nymphalidae
Erinnyis ello	1739	Sphingidae
Erinnyis obscura	1740	Sphingidae
Erynnis baptisiae	1051	Hesperiidae
Erynnis brizo	1052	Hesperiidae
Erynnis funeralis	1053	Hesperiidae
Erynnis horatius	1054	Hesperiidae
Erynnis juvenalis	1055	Hesperiidae
Erynnis propertius	1056	Hesperiidae
Erynnis tages	1057	Hesperiidae
Erynnis tristis	1058	Hesperiidae
Estigmene acrea	750	Erebidae
Ethmia delliella	695	Depressariidae
Eubaphe unicolor	916	Geometridae
Eublemma minima	751	Erebidae
Eublemma recta	752	Erebidae
Eubolina impartialis	753	Erebidae
Euchaetes egle	754	Erebidae
Euchlaena amoenaria	917	Geometridae
Euchlaena serrata	918	Geometridae
Euchloe ausonides	1634	Pieridae
Euchromius ocelleus	627	Crambidae
Euchrysops cnejus	1158	Lycaenidae
Euclea incisa	1124	Limacodidae
Euclidia cuspidea	755	Erebidae
Euclidia glyphica	756	Erebidae
Eucosma ochroterminana	1803	Tortricidae
Eucosma parmatana	1804	Tortricidae
Eucosma tomonana	1805	Tortricidae
Eudocima phalonia	757	Erebidae
Eudonia strigalis	628	Crambidae
Eudryas grata	1280	Noctuidae
Eueides isabella	1460	Nymphalidae
Eufidonia notataria	919	Geometridae
Eugonobapta nivosaria	920	Geometridae
Eulithis explanata	921	Geometridae
Eulogia ochrifrontella	1685	Pyralidae
Eumaeus atala	1159	Lycaenidae
Eumarozia malachitana	1806	Tortricidae
Eumorpha labruscae	1741	Sphingidae
Eunica monima	1461	Nymphalidae
Eunica tatila	1462	Nymphalidae
Eupackardia calleta	1723	Saturniidae
Euparthenos nubilis	758	Erebidae
Euphilotes bernardino	1161	Lycaenidae
Euphydryas aurinia	1463	Nymphalidae
Euphydryas chalcedona	1464	Nymphalidae
Euphydryas phaeton	1465	Nymphalidae
Euphyes dion	1059	Hesperiidae
Euphyes vestris	1060	Hesperiidae
Euphyia intermediata	922	Geometridae
Euplagia quadripunctaria	759	Erebidae
Euplexia benesimilis	1281	Noctuidae
Euploea core	1466	Nymphalidae
Euploea mulciber	1467	Nymphalidae
Euptoieta claudia	1468	Nymphalidae
Euptoieta hegesia	1469	Nymphalidae
Eurema blanda	1635	Pieridae
Eurytides marcellus	1581	Papilionidae
Eurytides philolaus	1582	Papilionidae
Eustixia pupula	629	Crambidae
Euthalia aconthea	1470	Nymphalidae
Euthrix potatoria	1115	Lasiocampidae
Eutrapela clemataria	924	Geometridae
Everes argiades	1162	Lycaenidae
Evergestis rimosalis	630	Crambidae
Faunis canens	1471	Nymphalidae
Feltia subterranea	1282	Noctuidae
Feralia comstocki	1283	Noctuidae
Fernaldella fimetaria	925	Geometridae
Fissicrambus mutabilis	631	Crambidae
Fumibotys fumalis	632	Crambidae
Furcula borealis	1372	Notodontidae
Furcula cinerea	1373	Notodontidae
Galasa nigrinodis	1686	Pyralidae
Galgula partita	1284	Noctuidae
Ganyra josephina	1637	Pieridae
Gastrophora henricaria	926	Geometridae
Gellonia dejectaria	927	Geometridae
Gillmeria pallidactyla	1669	Pterophoridae
Glaphyria sequistrialis	633	Crambidae
Glaucopsyche lygdamus	1163	Lycaenidae
Glena quinquelinearia	928	Geometridae
Glenoides texanaria	929	Geometridae
Glutophrissa drusilla	1638	Pieridae
Glyphodes onychinalis	634	Crambidae
Gnophaela latipennis	760	Erebidae
Gonepteryx cleopatra	1639	Pieridae
Gonepteryx rhamni	1640	Pieridae
Goniapteryx servia	761	Erebidae
Graphium agamemnon	1583	Papilionidae
Graphium sarpedon	1584	Papilionidae
Gymnandrosoma punctidiscanum	1807	Tortricidae
Gymnoscelis rufifasciata	930	Geometridae
Habrodais grunus	1164	Lycaenidae
Haematopis grataria	931	Geometridae
Halone sejuncta	762	Erebidae
Halysidota tessellaris	763	Erebidae
Hamadryas amphinome	1473	Nymphalidae
Hamadryas feronia	1474	Nymphalidae
Hamadryas glauconome	1475	Nymphalidae
Hamadryas guatemalena	1476	Nymphalidae
Hamanumida daedalus	1477	Nymphalidae
Hamearis lucina	1708	Riodinidae
Hammaptera parinotata	932	Geometridae
Haploa clymene	764	Erebidae
Haploa lecontei	765	Erebidae
Heliconius charithonia	1478	Nymphalidae
Heliconius hortense	1479	Nymphalidae
Helicoverpa armigera	1285	Noctuidae
Helicoverpa zea	1286	Noctuidae
Heliopetes ericetorum	1061	Hesperiidae
Heliopetes macaira	1062	Hesperiidae
Hellula rogatalis	635	Crambidae
Hemaris diffinis	1742	Sphingidae
Hemaris thetis	1743	Sphingidae
Hemaris thysbe	1744	Sphingidae
Hemiargus ceraunus	1165	Lycaenidae
Hemileuca maia	1724	Saturniidae
Hemithea aestivaria	933	Geometridae
Hermeuptychia hermes	1480	Nymphalidae
Hermeuptychia hermybius	1481	Nymphalidae
Herpetogramma bipunctalis	637	Crambidae
Herpetogramma licarsisalis	638	Crambidae
Herpetogramma phaeopteralis	639	Crambidae
Hesperia colorado	1064	Hesperiidae
Hesperia comma	1065	Hesperiidae
Hesperia leonardus	1066	Hesperiidae
Hesperia sassacus	1067	Hesperiidae
Heterocampa guttivitta	1374	Notodontidae
Heterocampa obliqua	1375	Notodontidae
Heterocampa umbrata	1376	Notodontidae
Heteronympha merope	1482	Nymphalidae
Hileithia magualis	640	Crambidae
Hipparchia fidia	1483	Nymphalidae
Hipparchia semele	1484	Nymphalidae
Hipparchia statilinus	1485	Nymphalidae
Hippotion celerio	1745	Sphingidae
Hippotion scrofa	1746	Sphingidae
Historis odius	1486	Nymphalidae
Hofmannophila pseudospretella	1577	Oecophoridae
Homodotis megaspilata	936	Geometridae
Homostinea curviliniella	1767	Tineidae
Horama panthalon	766	Erebidae
Horisme intestinata	937	Geometridae
Hyalophora cecropia	1725	Saturniidae
Hydrelia inornata	938	Geometridae
Hydriris ornatalis	641	Crambidae
Hygraula nitens	642	Crambidae
Hylephila phyleus	1068	Hesperiidae
Hyles euphorbiae	1747	Sphingidae
Hyles lineata	1748	Sphingidae
Hymenia perspectalis	643	Crambidae
Hypagyrtis unipunctata	939	Geometridae
Hypanartia lethe	1487	Nymphalidae
Hypena abalienalis	767	Erebidae
Hypena baltimoralis	768	Erebidae
Hypena bijugalis	769	Erebidae
Hypena deceptalis	770	Erebidae
Hypena manalis	771	Erebidae
Hypena minualis	772	Erebidae
Hypena palparia	773	Erebidae
Hypena proboscidalis	774	Erebidae
Hypena scabra	775	Erebidae
Hypercompe scribonia	776	Erebidae
Hyperstrotia pervertens	777	Erebidae
Hyperstrotia secta	778	Erebidae
Hypolimnas anomala	1488	Nymphalidae
Hypolimnas misippus	1489	Nymphalidae
Hypolycaena erylus	1166	Lycaenidae
Hypoprepia fucosa	779	Erebidae
Hypoprepia miniata	780	Erebidae
Hyposidra talaca	940	Geometridae
Hyppa xylinoides	1287	Noctuidae
Hypsopygia binodulalis	1688	Pyralidae
Hypsopygia costalis	1689	Pyralidae
Hypsopygia olinalis	1690	Pyralidae
Hypsoropha hormos	781	Erebidae
Iambrix salsala	1069	Hesperiidae
Icaricia acmon	1167	Lycaenidae
Icaricia icarioides	1168	Lycaenidae
Icaricia lupini	1169	Lycaenidae
Icaricia saepiolus	1170	Lycaenidae
Idaea aversata	941	Geometridae
Idaea demissaria	942	Geometridae
Idaea dimidiata	943	Geometridae
Idaea furciferata	944	Geometridae
Idaea seriata	945	Geometridae
Idaea tacturata	946	Geometridae
Ideopsis vulgaris	1490	Nymphalidae
Idia aemula	782	Erebidae
Idia americalis	783	Erebidae
Idia julia	784	Erebidae
Idia rotundalis	785	Erebidae
Ilexia intractata	947	Geometridae
Iphiclides feisthamelii	1585	Papilionidae
Iridopsis defectaria	948	Geometridae
Iridopsis larvaria	949	Geometridae
Isochaetes beutenmuelleri	1125	Limacodidae
Isogona tenuis	786	Erebidae
Isotenes miserana	1808	Tortricidae
Issoria lathonia	1491	Nymphalidae
Isturgia dislocaria	950	Geometridae
Jamides celeno	1171	Lycaenidae
Junonia atlites	1492	Nymphalidae
Junonia coenia	1493	Nymphalidae
Junonia hedonia	1494	Nymphalidae
Junonia hierta	1495	Nymphalidae
Junonia iphita	1496	Nymphalidae
Junonia lemonias	1497	Nymphalidae
Junonia oenone	1498	Nymphalidae
Junonia orithya	1499	Nymphalidae
Junonia terea	1500	Nymphalidae
Junonia villida	1501	Nymphalidae
Kaniska canace	1502	Nymphalidae
Kricogonia lyside	1641	Pieridae
Lacanobia oleracea	1288	Noctuidae
Lacinipolia erecta	1289	Noctuidae
Lacinipolia laudabilis	1290	Noctuidae
Lacinipolia olivacea	1291	Noctuidae
Lacinipolia renigera	1292	Noctuidae
Lactura subfervens	1113	Lacturidae
Lambdina fiscellaria	951	Geometridae
Lamprosema victoriae	644	Crambidae
Laothoe populi	1749	Sphingidae
Lasaia sula	1709	Riodinidae
Lascoria ambigualis	787	Erebidae
Lasiocampa quercus	1116	Lasiocampidae
Lasiommata maera	1503	Nymphalidae
Lasiommata megera	1504	Nymphalidae
Laspeyria concavata	788	Erebidae
Leptocneria reducta	789	Erebidae
Leptophobia aripa	1642	Pieridae
Leptosia nina	1643	Pieridae
Leptostales pannaria	952	Geometridae
Leptotes cassius	1172	Lycaenidae
Leptotes marina	1173	Lycaenidae
Leptotes pirithous	1174	Lycaenidae
Leptotes plinius	1175	Lycaenidae
Lerema accius	1070	Hesperiidae
Lerodea eufala	1071	Hesperiidae
Lethe anthedon	1505	Nymphalidae
Lethe eurydice	1506	Nymphalidae
Lethe portlandia	1507	Nymphalidae
Leucania adjuta	1293	Noctuidae
Leucania diatrecta	1294	Noctuidae
Leucania incognita	1295	Noctuidae
Leucinodes cordalis	645	Crambidae
Leuconycta diphteroides	1296	Noctuidae
Leuconycta lepidula	1297	Noctuidae
Lexias pardalis	1508	Nymphalidae
Libytheana carinenta	1509	Nymphalidae
Limenitis archippus	1510	Nymphalidae
Limenitis arthemis	1511	Nymphalidae
Limenitis camilla	1512	Nymphalidae
Limenitis lorquini	1513	Nymphalidae
Limnaecia phragmitella	602	Cosmopterigidae
Lineodes integra	646	Crambidae
Lineodes interrupta	647	Crambidae
Lobocleta ossularia	953	Geometridae
Lobophora nivigerata	954	Geometridae
Lochmaeus bilineata	1378	Notodontidae
Lochmaeus manteo	1379	Notodontidae
Lomaspilis marginata	955	Geometridae
Lomographa glomeraria	956	Geometridae
Lopharthrum comprimens	790	Erebidae
Lophocampa annulosa	791	Erebidae
Lophocampa argentata	792	Erebidae
Lophocampa caryae	793	Erebidae
Lophocampa maculata	794	Erebidae
Lophosis labeculata	957	Geometridae
Loxostege cereralis	648	Crambidae
Lycaena alciphron	1176	Lycaenidae
Lycaena dispar	1179	Lycaenidae
Lycaena hippothoe	1186	Lycaenidae
Lycaena phlaeas	1188	Lycaenidae
Lycaena salustius	1190	Lycaenidae
Lycaena tityrus	1191	Lycaenidae
Lycaena virgaureae	1192	Lycaenidae
Lycia ypsilon	958	Geometridae
Lyclene structa	795	Erebidae
Lygropia rivulalis	649	Crambidae
Lymantria dispar	796	Erebidae
Lytrosis unitaria	959	Geometridae
Macaria bisignata	960	Geometridae
Machimia tentoriferella	696	Depressariidae
Macrochilo absorptalis	797	Erebidae
Macroglossum stellatarum	1750	Sphingidae
Macrothylacia rubi	1117	Lasiocampidae
Macrurocampa marthesia	1380	Notodontidae
Magusa divaricata	1298	Noctuidae
Malacosoma americanum	1118	Lasiocampidae
Malacosoma disstria	1119	Lasiocampidae
Maliattha concinnimacula	1299	Noctuidae
Maliattha synochitis	1300	Noctuidae
Manataria hercyna	1514	Nymphalidae
Manduca sexta	1751	Sphingidae
Maniola jurtina	1515	Nymphalidae
Marathyssa basalis	860	Euteliidae
Marathyssa inficita	861	Euteliidae
Marimatha nigrofimbria	1301	Noctuidae
Marpesia petreus	1516	Nymphalidae
Maruca vitrata	650	Crambidae
Meganola minuscula	1363	Nolidae
Meganola phylla	1364	Nolidae
Megisto cymela	1517	Nymphalidae
Melanargia galathea	1518	Nymphalidae
Melanodes anthracitaria	961	Geometridae
Melanolophia canadaria	962	Geometridae
Melanolophia imitata	963	Geometridae
Melanolophia signataria	964	Geometridae
Melipotis acontioides	798	Erebidae
Melipotis cellaris	799	Erebidae
Melipotis fasciolaris	800	Erebidae
Melipotis jucunda	801	Erebidae
Melitaea athalia	1519	Nymphalidae
Melitaea cinxia	1520	Nymphalidae
Melitaea phoebe	1521	Nymphalidae
Mellilla xanthometata	965	Geometridae
Mesoleuca ruficillata	966	Geometridae
Mestra amymone	1522	Nymphalidae
Metalectra discalis	802	Erebidae
Metoeca foedalis	651	Crambidae
Metria amella	803	Erebidae
Meyrickella torquesauria	804	Erebidae
Micrathetis triplex	1302	Noctuidae
Microcrambus biguttellus	652	Crambidae
Microcrambus elegans	653	Crambidae
Micronia aculeata	1823	Uraniidae
Microtheoris ophionalis	654	Crambidae
Mimas tiliae	1752	Sphingidae
Mimoschinia rufofascialis	655	Crambidae
Ministrymon clytie	1194	Lycaenidae
Ministrymon leda	1195	Lycaenidae
Minois dryas	1523	Nymphalidae
Mocis frugalis	805	Erebidae
Mocis latipes	806	Erebidae
Mocis marcida	807	Erebidae
Mocis texana	808	Erebidae
Mocis undata	809	Erebidae
Moduza procris	1524	Nymphalidae
Monopis pavlovskii	1768	Tineidae
Moodna ostrinella	1691	Pyralidae
Morpho helenor	1525	Nymphalidae
Morpho polyphemus	1526	Nymphalidae
Morrisonia mucens	1303	Noctuidae
Mycalesis mineus	1527	Nymphalidae
Mycalesis perseoides	1528	Nymphalidae
Myscelia cyananthe	1529	Nymphalidae
Myscelia ethusa	1530	Nymphalidae
Mythimna albipuncta	1304	Noctuidae
Mythimna convecta	1305	Noctuidae
Mythimna oxygala	1306	Noctuidae
Mythimna unipuncta	1307	Noctuidae
Nacoleia rhoeoalis	656	Crambidae
Nadata gibbosa	1381	Notodontidae
Nathalis iole	1644	Pieridae
Nedra ramosula	1308	Noctuidae
Nematocampa resistaria	968	Geometridae
Nemoria bistriaria	969	Geometridae
Nemoria lixaria	970	Geometridae
Nemoria mimosaria	971	Geometridae
Neoalcis californiaria	972	Geometridae
Neola semiaurata	1382	Notodontidae
Neoligia exhausta	1309	Noctuidae
Neptis hylas	1531	Nymphalidae
Nerice bidentata	1383	Notodontidae
Neumoegenia poetica	1310	Noctuidae
Nigetia formosalis	810	Erebidae
Noctua pronuba	1311	Noctuidae
Nola cereella	1365	Nolidae
Nomophila nearctica	657	Crambidae
Nomophila noctuella	658	Crambidae
Nyctemera adversata	811	Erebidae
Nyctemera amicus	812	Erebidae
Nyctemera baulus	813	Erebidae
Nymphalis antiopa	1532	Nymphalidae
Nymphalis californica	1533	Nymphalidae
Nymphalis l-album	1534	Nymphalidae
Nymphalis polychloros	1535	Nymphalidae
Obeidia tigrata	974	Geometridae
Ochlodes agricola	1073	Hesperiidae
Ochlodes sylvanoides	1074	Hesperiidae
Ochlodes sylvanus	1075	Hesperiidae
Ochrogaster lunifer	1384	Notodontidae
Ochropleura implecta	1312	Noctuidae
Oegoconia novimundi	599	Autostichidae
Ogdoconta cinereola	1313	Noctuidae
Olbonoma triptycha	1578	Oecophoridae
Olethreutes bipartitana	1809	Tortricidae
Olethreutes fasciatana	1810	Tortricidae
Oligocentria lignicolor	1385	Notodontidae
Oligocentria semirufescens	1386	Notodontidae
Ommatospila narcaeusalis	659	Crambidae
Oneida lunulalis	1692	Pyralidae
Operophtera bruceata	975	Geometridae
Operophtera brumata	976	Geometridae
Opisthograptis luteolata	977	Geometridae
Orgyia definita	814	Erebidae
Orgyia detrita	815	Erebidae
Orgyia leucostigma	816	Erebidae
Orsotriaena medus	1536	Nymphalidae
Orthodes furtiva	1314	Noctuidae
Orthodes majuscula	1315	Noctuidae
Orthonama obstipata	979	Geometridae
Orthosia cerasi	1316	Noctuidae
Orthosia gothica	1317	Noctuidae
Orthosia hibisci	1318	Noctuidae
Orvasca subnotata	817	Erebidae
Ostrinia nubilalis	660	Crambidae
Pachliopta aristolochiae	1586	Papilionidae
Packardia geminata	1126	Limacodidae
Paectes abrostoloides	862	Euteliidae
Paectes oculatrix	863	Euteliidae
Paleacrita vernata	980	Geometridae
Palpita atrisquamalis	661	Crambidae
Palpita flegia	662	Crambidae
Palpita quadristigmalis	663	Crambidae
Palthis angulalis	818	Erebidae
Palthis asopialis	819	Erebidae
Pandemis limitata	1811	Tortricidae
Panopoda carneicosta	820	Erebidae
Panoquina ocola	1076	Hesperiidae
Panoquina panoquin	1077	Hesperiidae
Panoquina panoquinoides	1078	Hesperiidae
Panthea acronyctoides	1319	Noctuidae
Panthea virginarius	1320	Noctuidae
Panthiades bathildis	1196	Lycaenidae
Pantydia sparsa	821	Erebidae
Paonias excaecata	1754	Sphingidae
Paonias myops	1755	Sphingidae
Papaipema inquaesita	1321	Noctuidae
Papilio aegeus	1587	Papilionidae
Papilio clytia	1590	Papilionidae
Papilio demoleus	1592	Papilionidae
Papilio machaon	1596	Papilionidae
Papilio memnon	1597	Papilionidae
Papilio paris	1600	Papilionidae
Papilio polyxenes	1601	Papilionidae
Papilio xuthus	1607	Papilionidae
Papilio zelicaon	1608	Papilionidae
Parallelia bistriaris	822	Erebidae
Parapoynx allionealis	664	Crambidae
Parapoynx badiusalis	665	Crambidae
Parapoynx diminutalis	666	Crambidae
Parapoynx maculalis	667	Crambidae
Pararge aegeria	1537	Nymphalidae
Paratrea plebeja	1756	Sphingidae
Pareuchaetes insulata	823	Erebidae
Pareuptychia ocirrhoe	1538	Nymphalidae
Parides photinus	1609	Papilionidae
Parnassius apollo	1610	Papilionidae
Parnassius smintheus	1611	Papilionidae
Pasiphila rectangulata	981	Geometridae
Patalene olyzonaria	982	Geometridae
Patania ruralis	668	Crambidae
Pediasia trisecta	669	Crambidae
Pellicia arina	1079	Hesperiidae
Pelochrista derelicta	1812	Tortricidae
Pelochrista dorsisignatana	1813	Tortricidae
Pelochrista similiana	1814	Tortricidae
Peribatodes rhomboidaria	983	Geometridae
Peridea basitriens	1387	Notodontidae
Peridroma saucia	1322	Noctuidae
Perina nuda	824	Erebidae
Perispasta caeculalis	670	Crambidae
Pero morrisonaria	984	Geometridae
Petrophila bifascialis	671	Crambidae
Petrophila jaliscalis	672	Crambidae
Phaedyma columella	1539	Nymphalidae
Phalaenostola larentioides	825	Erebidae
Phalanta phalantha	1540	Nymphalidae
Phalera bucephala	1388	Notodontidae
Phelotis cognata	985	Geometridae
Pheosia rimosa	1389	Notodontidae
Phigalia denticulata	986	Geometridae
Phigalia strigataria	987	Geometridae
Philenora aspectalella	826	Erebidae
Philotes sonorensis	1198	Lycaenidae
Phlogophora iris	1323	Noctuidae
Phoberia atomaris	827	Erebidae
Phobetron pithecium	1127	Limacodidae
Phocides pigmalion	1080	Hesperiidae
Phoebis agarithe	1645	Pieridae
Phoebis argante	1646	Pieridae
Phoebis sennae	1647	Pieridae
Pholodes sinistraria	988	Geometridae
Phosphila miselioides	1324	Noctuidae
Phosphila turbulenta	1325	Noctuidae
Phrissogonus laticostatus	989	Geometridae
Phyciodes cocyta	1541	Nymphalidae
Phyciodes mylitta	1542	Nymphalidae
Phyciodes phaon	1543	Nymphalidae
Phyciodes pulchella	1544	Nymphalidae
Phyciodes tharos	1545	Nymphalidae
Phyprosopus callitrichoides	828	Erebidae
Pieris brassicae	1648	Pieridae
Pieris canidia	1649	Pieridae
Pieris marginalis	1650	Pieridae
Pieris napi	1651	Pieridae
Pieris rapae	1652	Pieridae
Pieris virginiensis	1653	Pieridae
Pilocrocis ramentalis	673	Crambidae
Plagodis alcoolaria	990	Geometridae
Plagodis pulveraria	991	Geometridae
Plagodis serinaria	992	Geometridae
Platynota exasperatana	1815	Tortricidae
Platynota flavedana	1816	Tortricidae
Platynota rostrana	1817	Tortricidae
Platyptilia carduidactylus	1671	Pterophoridae
Plebejus argus	1199	Lycaenidae
Plebejus idas	1200	Lycaenidae
Pleuroprucha insulsaria	993	Geometridae
Plusia putnami	1326	Noctuidae
Plutella xylostella	1664	Plutellidae
Pococera asperatella	1693	Pyralidae
Poecilasthena pulchraria	994	Geometridae
Polia nimbosa	1327	Noctuidae
Polites mystic	1085	Hesperiidae
Polites peckius	1086	Hesperiidae
Polygonia c-album	1546	Nymphalidae
Polygonia c-aureum	1547	Nymphalidae
Polygonia comma	1548	Nymphalidae
Polygonia interrogationis	1549	Nymphalidae
Polygonia satyrus	1550	Nymphalidae
Polygonus leo	1087	Hesperiidae
Polyommatus bellargus	1201	Lycaenidae
Polyommatus coridon	1202	Lycaenidae
Polyommatus icarus	1203	Lycaenidae
Ponometia candefacta	1328	Noctuidae
Ponometia semiflava	1329	Noctuidae
Pontia beckerii	1654	Pieridae
Pontia daplidice	1655	Pieridae
Pontia edusa	1656	Pieridae
Pontia occidentalis	1657	Pieridae
Pontia protodice	1658	Pieridae
Potanthus omaha	1089	Hesperiidae
Prasinocyma rhodocosma	995	Geometridae
Prasinocyma semicrocea	996	Geometridae
Prochoerodes lineola	997	Geometridae
Promalactis suzukiella	1579	Oecophoridae
Proteoteras aesculana	1818	Tortricidae
Proteuxoa hypochalchis	1330	Noctuidae
Protodeltote albidula	1331	Noctuidae
Protodeltote muscosula	1332	Noctuidae
Protographium epidaus	1612	Papilionidae
Psamatodes abydata	998	Geometridae
Psaphida rolandi	1333	Noctuidae
Pseudeustrotia carneola	1334	Noctuidae
Pseudocoremia suavis	999	Geometridae
Pseudohemihyalea edwardsii	829	Erebidae
Pseudohermonassa bicarnea	1335	Noctuidae
Pseudolycaena damo	1204	Lycaenidae
Pseudopanthera macularia	1000	Geometridae
Pseudozizeeria maha	1205	Lycaenidae
Psyche casta	1665	Psychidae
Pterophorus pentadactyla	1672	Pterophoridae
Ptichodis vinculum	830	Erebidae
Pyrausta bicoloralis	674	Crambidae
Pyrausta californicalis	675	Crambidae
Pyrausta despicata	676	Crambidae
Pyrausta laticlavia	677	Crambidae
Pyrausta purpuralis	678	Crambidae
Pyrausta rubricalis	679	Crambidae
Pyrausta signatalis	680	Crambidae
Pyrgus malvae	1091	Hesperiidae
Pyrgus malvoides	1092	Hesperiidae
Pyrgus ruralis	1095	Hesperiidae
Pyrisitia lisa	1659	Pieridae
Pyrisitia nise	1660	Pieridae
Pyrisitia proterpia	1661	Pieridae
Pyronia bathseba	1551	Nymphalidae
Pyronia cecilia	1552	Nymphalidae
Pyrrharctia isabella	831	Erebidae
Pyrrhogyra neaerea	1553	Nymphalidae
Rachiplusia ou	1336	Noctuidae
Renia discoloralis	832	Erebidae
Renia flavipunctalis	833	Erebidae
Rhapsa scotosialis	834	Erebidae
Rhetus arcius	1712	Riodinidae
Rheumaptera prunivorata	1001	Geometridae
Rhodometra sacraria	1002	Geometridae
Rivula propinqualis	835	Erebidae
Rivula sericealis	836	Erebidae
Samea baccatalis	681	Crambidae
Samea ecclesialis	682	Crambidae
Samea multiplicalis	683	Crambidae
Sameodes cancellalis	684	Crambidae
Saturnia pyri	1727	Saturniidae
Satyrium behrii	1207	Lycaenidae
Satyrium calanus	1208	Lycaenidae
Satyrium edwardsii	1209	Lycaenidae
Satyrium favonius	1210	Lycaenidae
Satyrium spini	1211	Lycaenidae
Satyrium tetra	1212	Lycaenidae
Satyrus ferula	1554	Nymphalidae
Saucrobotys futilalis	685	Crambidae
Scenedra decoratalis	1694	Pyralidae
Schinia chrysellus	1337	Noctuidae
Schinia rivulosa	1338	Noctuidae
Schinia trifascia	1339	Noctuidae
Schizura concinna	1390	Notodontidae
Schizura leptinoides	1392	Notodontidae
Schizura unicornis	1393	Notodontidae
Scolecocampa liburna	838	Erebidae
Scoparia biplagialis	686	Crambidae
Scopula inductata	1003	Geometridae
Scopula limboundata	1004	Geometridae
Scopula umbilicata	1005	Geometridae
Scotopteryx chenopodiata	1006	Geometridae
Scythris trivinctella	1729	Scythrididae
Selenisa sueroides	839	Erebidae
Sicya macularia	1007	Geometridae
Siderone galanthis	1555	Nymphalidae
Siona lineata	1009	Geometridae
Siproeta epaphus	1556	Nymphalidae
Siproeta stelenes	1557	Nymphalidae
Smerinthus jamaicensis	1757	Sphingidae
Smyrna blomfildia	1558	Nymphalidae
Spargania magnoliata	1010	Geometridae
Sparganothis sulfureana	1819	Tortricidae
Sparganothoides lentiginosana	1820	Tortricidae
Spathilepia clonius	1096	Hesperiidae
Spectrotrota fimbrialis	1695	Pyralidae
Sphacelodes vulneraria	1012	Geometridae
Sphecodina abbottii	1758	Sphingidae
Sphenarches anisodactylus	1673	Pterophoridae
Sphinx chersis	1759	Sphingidae
Sphinx dollii	1760	Sphingidae
Sphinx perelegans	1761	Sphingidae
Spilosoma congrua	840	Erebidae
Spilosoma curvata	841	Erebidae
Spilosoma lubricipeda	842	Erebidae
Spilosoma virginica	843	Erebidae
Spodoptera dolichos	1340	Noctuidae
Spodoptera exigua	1341	Noctuidae
Spodoptera frugiperda	1342	Noctuidae
Spodoptera mauritia	1343	Noctuidae
Spodoptera ornithogalli	1344	Noctuidae
Spoladea recurvalis	687	Crambidae
Spragueia dama	1345	Noctuidae
Spragueia guttata	1346	Noctuidae
Spragueia jaguaralis	1347	Noctuidae
Staphylus ceos	1097	Hesperiidae
Staphylus hayhurstii	1098	Hesperiidae
Staphylus mazans	1099	Hesperiidae
Stegasta bosqueella	867	Gelechiidae
Strymon albata	1213	Lycaenidae
Strymon bazochii	1214	Lycaenidae
Strymon melinus	1215	Lycaenidae
Strymon rufofusca	1216	Lycaenidae
Suastus gremius	1100	Hesperiidae
Sympis rufibasis	844	Erebidae
Synanthedon acerni	1730	Sesiidae
Synchlora aerata	1013	Geometridae
Synchlora frondaria	1014	Geometridae
Syndemis afflictana	1821	Tortricidae
Syneora hemeropa	1015	Geometridae
Syngamia florella	688	Crambidae
Syntomeida epilais	845	Erebidae
Syntomeida melanthus	846	Erebidae
Systasea pulverulenta	1101	Hesperiidae
Tanaecia pelea	1563	Nymphalidae
Tarache aprica	1348	Noctuidae
Tarache quadriplaga	1349	Noctuidae
Tathorhynchus exsiccata	847	Erebidae
Termessa gratiosa	848	Erebidae
Tetanolita floridana	849	Erebidae
Tetanolita mynesalis	850	Erebidae
Theretra latreillii	1762	Sphingidae
Theretra nessus	1763	Sphingidae
Thorybes bathyllus	1102	Hesperiidae
Thorybes pylades	1103	Hesperiidae
Thyatira batis	699	Drepanidae
Thymelicus lineola	1104	Hesperiidae
Thymelicus sylvestris	1105	Hesperiidae
Thyridopteryx ephemeraeformis	1666	Psychidae
Thyris maculata	1765	Thyrididae
Thysanoplusia orichalcea	1350	Noctuidae
Timandra amaturaria	1016	Geometridae
Timandra comae	1017	Geometridae
Tinea apicimaculella	1769	Tineidae
Tirumala limniace	1564	Nymphalidae
Tolype laricis	1120	Lasiocampidae
Tortricidia testacea	1128	Limacodidae
Tosale oviplagalis	1696	Pyralidae
Trabala vishnou	1121	Lasiocampidae
Traminda aventiaria	1018	Geometridae
Trichodezia albovittata	1019	Geometridae
Tricholita signata	1351	Noctuidae
Trichoplusia ni	1352	Noctuidae
Trichordestra legitima	1353	Noctuidae
Trigonodes hyppasia	851	Erebidae
Trilocha varians	601	Bombycidae
Triodia sylvina	1024	Hepialidae
Triphosa haesitata	1020	Geometridae
Tripudia quadrifera	1354	Noctuidae
Troides helena	1613	Papilionidae
Tyria jacobaeae	852	Erebidae
Tyta luctuosa	1355	Noctuidae
Udea rubigalis	689	Crambidae
Uraba lugens	1366	Nolidae
Urania fulgens	1824	Uraniidae
Urbanus proteus	1108	Hesperiidae
Uresiphita reversalis	691	Crambidae
Urola nivalis	692	Crambidae
Utetheisa pulchella	853	Erebidae
Vanessa annabella	1565	Nymphalidae
Vanessa atalanta	1566	Nymphalidae
Vanessa cardui	1567	Nymphalidae
Vanessa gonerilla	1568	Nymphalidae
Vanessa itea	1569	Nymphalidae
Vanessa virginiensis	1570	Nymphalidae
Virbia aurantiaca	854	Erebidae
Virbia laeta	855	Erebidae
Xanthorhoe ferrugata	1021	Geometridae
Xanthorhoe fluctuata	1022	Geometridae
Xanthorhoe labradorensis	1023	Geometridae
Xenophanes tryxus	1111	Hesperiidae
Xerociris wilsonii	1356	Noctuidae
Xestia c-nigrum	1357	Noctuidae
Xestia dolosa	1358	Noctuidae
Xestia smithii	1359	Noctuidae
Xestia xanthographa	1360	Noctuidae
Xylophanes falco	1764	Sphingidae
Ypsolopha dentella	1825	Ypsolophidae
Ypthima baldus	1572	Nymphalidae
Ypthima horsfieldii	1573	Nymphalidae
Ypthima huebneri	1574	Nymphalidae
Zale lunata	856	Erebidae
Zale minerea	857	Erebidae
Zanclognatha cruralis	858	Erebidae
Zanclognatha laevigata	859	Erebidae
Zemeros flegyas	1713	Riodinidae
Zerene cesonia	1662	Pieridae
Zerene eurydice	1663	Pieridae
Zerynthia cassandra	1614	Papilionidae
Zerynthia polyxena	1615	Papilionidae
Zerynthia rumina	1616	Papilionidae
Zizeeria knysna	1217	Lycaenidae
Zizina labradus	1218	Lycaenidae
Zizina otis	1219	Lycaenidae
Zizina oxleyi	1220	Lycaenidae
Zizula hylax	1221	Lycaenidae
Zopyrion sandace	1112	Hesperiidae
Zygaena filipendulae	1827	Zygaenidae